<?xml version="1.0" encoding="UTF-8"?>

<!--
    Document   : comment.xml
    Created on : May 27, 2004, 1:02 PM
    Author     : jsmith
    Description:
        Purpose of the document follows.
-->

<commentpage>
<commentlink>
&lt;BR&gt;
&lt;a href="%LINK%"&gt;Comments&lt;/a&gt;
</commentlink>
<commentheader>
<!-- What do show at the beginning of the comments section.
    Usually a section to distingquish between the entry and the comment section
    !-->
    &lt;br&gt;
    &lt;TABLE BORDER=0 WIDTH=95% bgcolor='#e1f0ff'&gt;
    &lt;TR&gt;&lt;TD&gt;
    &lt;font size='+1' face='Arial,Helvetica'&gt;&lt;b&gt;Comments&lt;/b&gt;&lt;/font&gt;
    &lt;/TD&gt;&lt;/TR&gt;
    &lt;TR&gt;&lt;TD&gt;
</commentheader>
<threadheader>
<!-- What do show to group the related comments, or threads !-->
</threadheader>
<commentindent indent='25'>
<!-- HTML container code for the comment.  This code will be used to 
    indent replies to comments to help show that the comments are related
    !-->
    &lt;TABLE BORDER=0 WIDTH=100%&gt;
    &lt;TR&gt;&lt;TD WIDTH=%WIDE%&gt; &lt;/TD&gt;
    &lt;TD&gt;
    %COMMENT%
    &lt;/TD&gt;
    &lt;/TR&gt;
    &lt;/TABLE&gt;
</commentindent>
<comment dateformat='yyyy-MM-dd HH:mm:ss'>
    &lt;TABLE BORDER=0 WIDTH=100%&gt;
    &lt;TR&gt;&lt;TD bgcolor='#bbddff' width='100%'&gt;
    &lt;font size='+1' face='Arial,Helvetica'&gt;&lt;b&gt;%SUBJECT%&lt;/b&gt;&lt;/font&gt;
    &lt;br&gt;
    %POSTER%
    &lt;br&gt;&lt;font size='-1'&gt;%COMMENTDATE%&lt;/font&gt;
    &lt;/TD&gt;&lt;/TR&gt;&lt;TR&gt;&lt;TD&gt;
    %COMMENTTEXT%
    &lt;/TD&gt;&lt;/TR&gt;
    &lt;/TABLE&gt;
<!-- HTML code that displays the comments !-->
</comment>
<threadfooter>
<!-- HTML code to display at the end of a thread section !-->
</threadfooter>
<commentfooter>
<!-- HTML code to display at the end of the comment section !-->
    &lt;/TD&gt;&lt;/TR&gt;
    &lt;/TABLE&gt;
</commentfooter>

</commentpage>
