<?xml version="1.0" encoding="UTF-8"?>

<!--
    Document   : template.xml
    Created on : April 30, 2004, 12:23 PM
    Author     : jsmith
    Description:
        Purpose of the document follows.
-->

<htmlpage>
    <entrypage>
    <pageheader>
    &lt;!DOCTYPE HTML PUBLIC &quot;-//W3C//DTD HTML 4.01 Transitional//EN&quot;&gt;
    &lt;HTML&gt;
        &lt;HEAD&gt;
            &lt;TITLE&gt;&lt;/TITLE&gt;
        &lt;/HEAD&gt;
    &lt;BODY&gt;
    </pageheader>
    <entry>
    <pic>
            &lt;img src='|PICKWURL|' align='absmiddle' hspace='3' title='|USERNAME|' alt=''&gt;
    </pic>
    <header >
    &lt;table&gt;
    &lt;tr valign='middle'&gt;
        &lt;td&gt;
            |PIC|
        &lt;/td&gt;
        &lt;td&gt;
            |POSTERNAME| (&lt;a href='http://www.livejournal.com/userinfo.bml?user=|POSTERNAME|'&gt;&lt;img src='|USERLJICON|' alt='[info]' width='17' height='17' border=0 style='vertical-align: bottom; border: 0;'&gt;&lt;/a&gt;
                    &lt;a href='|POSTERLJ|'&gt;&lt;b&gt;|POSTERNAME|&lt;/b&gt;&lt;/a&gt;) wrote,&lt;br&gt;&lt;font size='-1'&gt;@ &lt;a href=&quot;|USERLJ||YEAR|/&quot;&gt;|YEAR|&lt;/a&gt;-&lt;a href=&quot;|USERLJ||YEAR|/|MONTH|/&quot;&gt;|MONTH|&lt;/a&gt;-
&lt;a href=&quot;|USERLJ||YEAR|/|MONTH|/|DAY|/&quot;&gt;|DAY|&lt;/a&gt; |TIME|&lt;/font&gt;
        &lt;/td&gt;
    &lt;/tr&gt;
    &lt;/table&gt;
    &lt;div style='margin-left: 30px'&gt;
    &lt;table border=0&gt;
        &lt;tr&gt;
            &lt;td align=right&gt;
                &lt;b&gt;Current mood:&lt;/b&gt;
            &lt;/td&gt;
            &lt;td&gt; |MOOD|&lt;/td&gt;
        &lt;/tr&gt;
        &lt;tr&gt;
            &lt;td align=right&gt;
                &lt;b&gt;Current music:&lt;/b&gt;
            &lt;/td&gt;
            &lt;td&gt;|MUSIC|&lt;/td&gt;
        &lt;/tr&gt;
    &lt;/table&gt;
    &lt;p&gt;
    |PRIVACY|&lt;font face='Arial,Helvetica' size='+1'&gt;&lt;i&gt;&lt;b&gt;|TITLE|&lt;/b&gt;&lt;/i&gt;&lt;/font&gt;
    &lt;br&gt;
    </header>
    <body>
    &lt;TABLE BORDER=0 WIDTH=&quot;90%&quot;&gt;
    &lt;TR&gt;&lt;TD&gt;
    |ENTRY|
    &lt;/TD&gt;&lt;/TR&gt;
    &lt;/TABLE&gt;
    </body>
    <footer>
    &lt;/div&gt;
    &lt;br clear='all'&gt;
    &lt;hr width='100%' size='2' align='center'&gt;
    &lt;/p&gt;
    </footer>
    </entry>
    <nextprevpage>
    <prev>
    &lt;a href=&quot;|LINK|&quot;&gt;Previous&lt;/a&gt;
    </prev>
    <next>
    &lt;a href=&quot;|LINK|&quot;&gt;Next&lt;/a&gt;
    </next>
    <htmlcode>
    &lt;CENTER&gt;|PREVLINK| |NEXTLINK|&lt;/CENTER&gt;
    </htmlcode>
    </nextprevpage>
    <pagefooter>
        &lt;/BODY&gt;
    &lt;/HTML&gt;
    </pagefooter>
    </entrypage>
    <commentpage>
    <commentlink>
    &lt;BR&gt;
    &lt;a href="%LINK%"&gt;Comments&lt;/a&gt;
    </commentlink>
    <commentheader>
    <!-- What do show at the beginning of the comments section.
        Usually a section to distingquish between the entry and the comment section
        !-->
        &lt;br&gt;
        &lt;TABLE BORDER=0 WIDTH=95% bgcolor='#e1f0ff'&gt;
        &lt;TR&gt;&lt;TD&gt;
        &lt;font size='+1' face='Arial,Helvetica'&gt;&lt;b&gt;Comments&lt;/b&gt;&lt;/font&gt;
        &lt;/TD&gt;&lt;/TR&gt;
        &lt;TR&gt;&lt;TD&gt;
    </commentheader>
    <threadheader>
    <!-- What do show to group the related comments, or threads !-->
    </threadheader>
    <commentindent indent='25'>
    <!-- HTML container code for the comment.  This code will be used to 
        indent replies to comments to help show that the comments are related
        !-->
        &lt;TABLE BORDER=0 WIDTH=100%&gt;
        &lt;TR&gt;&lt;TD WIDTH=%WIDE%&gt; &lt;/TD&gt;
        &lt;TD&gt;
        %COMMENT%
        &lt;/TD&gt;
        &lt;/TR&gt;
        &lt;/TABLE&gt;
    </commentindent>
    <comment dateformat='yyyy-MM-dd HH:mm:ss'>
        &lt;TABLE BORDER=0 WIDTH=100%&gt;
        &lt;TR&gt;&lt;TD bgcolor='#bbddff' width='100%'&gt;
        &lt;font size='+1' face='Arial,Helvetica'&gt;&lt;b&gt;%SUBJECT%&lt;/b&gt;&lt;/font&gt;
        &lt;br&gt;
        %POSTER%
        &lt;br&gt;&lt;font size='-1'&gt;%COMMENTDATE%&lt;/font&gt;
        &lt;/TD&gt;&lt;/TR&gt;&lt;TR&gt;&lt;TD&gt;
        %COMMENTTEXT%
        &lt;/TD&gt;&lt;/TR&gt;
        &lt;/TABLE&gt;
    <!-- HTML code that displays the comments !-->
    </comment>
    <threadfooter>
    <!-- HTML code to display at the end of a thread section !-->
    </threadfooter>
    <commentfooter>
    <!-- HTML code to display at the end of the comment section !-->
        &lt;/TD&gt;&lt;/TR&gt;
        &lt;/TABLE&gt;
    </commentfooter>

    </commentpage>
    
</htmlpage>
